[
{"id": "AF-001", "name": "Agalega Islands"},
{"id": "AF-002", "name": "Amsterdam & St Paul Islands"},
{"id": "AF-003", "name": "Ascension Island"},
{"id": "AF-004", "name": "Canary Islands"},
{"id": "AF-005", "name": "Cape Verde - Leeward Islands (aka Sotavento)"},
{"id": "AF-006", "name": "Diego Garcia Island"},
{"id": "AF-007", "name": "Comoro Islands"},
{"id": "AF-008", "name": "Crozet Islands"},
{"id": "AF-009", "name": "Europa Island"},
{"id": "AF-010", "name": "Bioco (Fernando Poo) Island"},
{"id": "AF-011", "name": "Glorioso Islands"},
{"id": "AF-012", "name": "Juan de Nova"},
{"id": "AF-013", "name": "Madagascar"},
{"id": "AF-014", "name": "Madeira Archipelago"},
{"id": "AF-015", "name": "Saint Brandon Islands"},
{"id": "AF-016", "name": "Reunion Island"},
{"id": "AF-017", "name": "Rodrigues Island"},
{"id": "AF-018", "name": "Pantelleria Island"},
{"id": "AF-019", "name": "Pelagie Islands"},
{"id": "AF-020", "name": "Bijagos Archipelago"},
{"id": "AF-021", "name": "Prince Edward and Marion Islands"},
{"id": "AF-022", "name": "St Helena Island"},
{"id": "AF-023", "name": "Sao Tome Island"},
{"id": "AF-024", "name": "Seychelles - Inner Islands"},
{"id": "AF-025", "name": "Aldabra Islands"},
{"id": "AF-026", "name": "Cosmoledo Islands"},
{"id": "AF-027", "name": "Mayotte Island"},
{"id": "AF-028", "name": "Socotra"},
{"id": "AF-029", "name": "Tristan da Cunha Islands"},
{"id": "AF-030", "name": "Gough Island"},
{"id": "AF-031", "name": "Tromelin Island"},
{"id": "AF-032", "name": "Zanzibar Island"},
{"id": "AF-033", "name": "Amirante Islands"},
{"id": "AF-035", "name": "Farquhar Islands"},
{"id": "AF-036", "name": "Chafarinas Islands"},
{"id": "AF-037", "name": "Sierra Leone Northern/Western Province Group"},
{"id": "AF-038", "name": "Dahlak Archipelago"},
{"id": "AF-039", "name": "Annobon (Pagalu) Island"},
{"id": "AF-040", "name": "Kenya Coast Province North Group"},
{"id": "AF-041", "name": "Egmont Group"},
{"id": "AF-042", "name": "Alboran Island"},
{"id": "AF-043", "name": "Gabon Estuaire Province Group"},
{"id": "AF-044", "name": "Principe Island"},
{"id": "AF-045", "name": "Senegal North Group"},
{"id": "AF-046", "name": "Desertas Islands"},
{"id": "AF-047", "name": "Selvagens Islands"},
{"id": "AF-048", "name": "Kerguelen Islands"},
{"id": "AF-049", "name": "Mauritius Island"},
{"id": "AF-050", "name": "Dakhlet Nouadhibou / Inchiri Region Group"},
{"id": "AF-051", "name": "Guinee-Maritime Province South Group"},
{"id": "AF-052", "name": "Indian Ocean Coast South"},
{"id": "AF-053", "name": "Gulf of Tadjoura Group"},
{"id": "AF-054", "name": "Mafia Island"},
{"id": "AF-056", "name": "Sierra Leone Southern Province Group"},
{"id": "AF-057", "name": "Madagascar's Coastal Islands West"},
{"id": "AF-058", "name": "Salomon Group"},
{"id": "AF-059", "name": "Strait of Mandab Group"},
{"id": "AF-060", "name": "The Gambia Group"},
{"id": "AF-061", "name": "Cabo Delgado District Group"},
{"id": "AF-062", "name": "Suakin Archipelago"},
{"id": "AF-063", "name": "Pemba Island"},
{"id": "AF-064", "name": "Western Cape Province South West Group"},
{"id": "AF-065", "name": "Safi / Essaouira / Agadir Region Group"},
{"id": "AF-066", "name": "Gaza / Maputo District Group"},
{"id": "AF-067", "name": "Coast Province South Group"},
{"id": "AF-068", "name": "Western Sahara South Group"},
{"id": "AF-069", "name": "Alhucemas Island"},
{"id": "AF-070", "name": "Karas Region Group"},
{"id": "AF-072", "name": "Inhambane District Group"},
{"id": "AF-073", "name": "Sfax Region Group"},
{"id": "AF-074", "name": "Lindi / Mtwara Region Group"},
{"id": "AF-075", "name": "Dar Es Salaam / Pwani Region Group"},
{"id": "AF-076", "name": "Bayelsa / Rivers / Akwa Ibom etc States Group"},
{"id": "AF-077", "name": "Western Cape Province South Group"},
{"id": "AF-078", "name": "Senegal South Group"},
{"id": "AF-079", "name": "Eastern Cape Province Group"},
{"id": "AF-080", "name": "Red Sea Coast North Group"},
{"id": "AF-081", "name": "Red Sea Coast South Group"},
{"id": "AF-082", "name": "Rio Muni Province Group"},
{"id": "AF-083", "name": "Gabes / Medenine Region Group"},
{"id": "AF-084", "name": "Ghana Group"},
{"id": "AF-085", "name": "Western Cape Province North West Group"},
{"id": "AF-086", "name": "Cape Verde - Windward Islands (aka Barlavento)"},
{"id": "AF-087", "name": "Tanga Region Group"},
{"id": "AF-088", "name": "Nampula District Group"},
{"id": "AF-089", "name": "Ogooue-Maritime Province Group"},
{"id": "AF-090", "name": "Madagascar's Coastal Islands East"},
{"id": "AF-091", "name": "Jendouba / Bizerte / Tunis / Nabeul Reg Group"},
{"id": "AF-092", "name": "Sousse / Monastir / Mahdia Region Group"},
{"id": "AF-093", "name": "Guinea-Bissau Coastal Region Group"},
{"id": "AF-094", "name": "Mediterranean Sea Coast West Group"},
{"id": "AF-095", "name": "Cameroon Group"},
{"id": "AF-096", "name": "Guinee-Maritime Province North Group"},
{"id": "AF-097", "name": "Mediterranean Sea Coast Centre Group"},
{"id": "AF-098", "name": "Sofala District Group"},
{"id": "AF-099", "name": "Matruh Region Group"},
{"id": "AF-100", "name": "Bas-Congo Province Group"},
{"id": "AF-101", "name": "Red Sea Coast North Group"},
{"id": "AF-102", "name": "Erongo / Hardap Region Group"},
{"id": "AF-103", "name": "Zambezia District Group"},
{"id": "AF-104", "name": "Mediterranean Sea Coast East Group"},
{"id": "AF-105", "name": "Nyanga Province Group"},
{"id": "AF-106", "name": "Cote d'Ivoire Group"},
{"id": "AF-107", "name": "Cuanza Sul / Benguela Province Group"},
{"id": "AF-108", "name": "Namibe Province Group"},
{"id": "AF-109", "name": "Nile Delta and Sinai Region Group"},
{"id": "AF-110", "name": "Red Sea Coast South Group"},
{"id": "AF-111", "name": "Liberia Group"},
{"id": "AF-112", "name": "Mediterranean Sea Coast Centre Group"},
{"id": "AF-113", "name": "Mediterranean Sea Coast East Group"},
{"id": "AF-114", "name": "Halaib Triangle Group"},
{"id": "AF-115", "name": "Red Sea State Group"},
{"id": "AF-116", "name": "Gulf of Aden West Group"},
{"id": "AF-117", "name": "Gulf of Aden East Group"},
{"id": "AF-118", "name": "Los Farallones and Jaegerschmidt"},
{"id": "AF-119", "name": "Coetivy Island"},
{"id": "AN-001", "name": "Graham Land West (Adelaide Island) group"},
{"id": "AN-002", "name": "Bouvet Island"},
{"id": "AN-003", "name": "Heard Island"},
{"id": "AN-004", "name": "Peter 1 Island"},
{"id": "AN-005", "name": "Macquarie Island"},
{"id": "AN-006", "name": "Graham Land West (Biscoe Islands) group"},
{"id": "AN-007", "name": "South Georgia Island"},
{"id": "AN-008", "name": "South Orkney Islands"},
{"id": "AN-009", "name": "South Sandwich Islands"},
{"id": "AN-010", "name": "South Shetland Islands"},
{"id": "AN-011", "name": "Ross Island group"},
{"id": "AN-012", "name": "Graham Land West (Palmer Archipelago) group"},
{"id": "AN-013", "name": "Trinity Peninsula group"},
{"id": "AN-014", "name": "Berkner Island"},
{"id": "AN-015", "name": "Queen Maud Land (Prince Harald etc) group"},
{"id": "AN-016", "name": "Antartica"},
{"id": "AN-017", "name": "Adelie Land"},
{"id": "AN-018", "name": "Palmer Land West (aka Alexander Island)"},
{"id": "AN-019", "name": "Balleny Islands"},
{"id": "AN-020", "name": "Scott Island"},
{"id": "AN-021", "name": "Shag Rocks"},
{"id": "AS-001", "name": "Andaman Islands"},
{"id": "AS-002", "name": "Bahrain Island"},
{"id": "AS-003", "name": "Sri Lanka Island"},
{"id": "AS-004", "name": "Cyprus Island"},
{"id": "AS-005", "name": "Kara Sea Coast West group"},
{"id": "AS-006", "name": "Hong Kong group"},
{"id": "AS-007", "name": "Honshu Island"},
{"id": "AS-008", "name": "North Izu Islands"},
{"id": "AS-009", "name": "Red Sea Coast group"},
{"id": "AS-010", "name": "Zufar Region group"},
{"id": "AS-011", "name": "Laccadive Islands"},
{"id": "AS-012", "name": "Kyushu's Coastal Islands"},
{"id": "AS-013", "name": "Maldive Islands"},
{"id": "AS-014", "name": "Ash Sharqiyah / Al Wusta Region group"},
{"id": "AS-015", "name": "Pinang State group"},
{"id": "AS-016", "name": "Gulf of Aden West group"},
{"id": "AS-017", "name": "Okinawa Islands"},
{"id": "AS-018", "name": "Sakhalin Island"},
{"id": "AS-019", "name": "Singapore Island"},
{"id": "AS-020", "name": "Taiwan Island"},
{"id": "AS-021", "name": "Trucial Coast group"},
{"id": "AS-022", "name": "Medvezh'i Islands (aka Bear Islands)"},
{"id": "AS-023", "name": "Amami Islands"},
{"id": "AS-024", "name": "Yaeyama Islands"},
{"id": "AS-025", "name": "Kuril'skiye (Kuril) Islands"},
{"id": "AS-026", "name": "Cheju-do Province (Cheju Island) group"},
{"id": "AS-027", "name": "Vrangelya (Wrangel) Island"},
{"id": "AS-028", "name": "Anzhu Islands"},
{"id": "AS-029", "name": "Lyakhovskiye Islands"},
{"id": "AS-030", "name": "Kazan (Volcano) Islands"},
{"id": "AS-031", "name": "Chichijima / Mukojima / Hahajima Islands (aka Bonin Islands Ogasawara)"},
{"id": "AS-032", "name": "Osumi Islands"},
{"id": "AS-033", "name": "Nicobar Islands"},
{"id": "AS-036", "name": "Iki / Tsushima Islands"},
{"id": "AS-037", "name": "Koshikijima Islands"},
{"id": "AS-038", "name": "East Siberian Sea Coast group"},
{"id": "AS-039", "name": "Komandorskiye (Commander) Islands"},
{"id": "AS-040", "name": "Goto Islands"},
{"id": "AS-041", "name": "Oki Islands"},
{"id": "AS-042", "name": "Severnaya Zemlya (North Land)"},
{"id": "AS-043", "name": "South Izu Islands"},
{"id": "AS-044", "name": "Sea of Okhotsk Coast Centre group"},
{"id": "AS-045", "name": "Kyongsang-bukto Prov (Ullung Island) group"},
{"id": "AS-046", "name": "Pahang / Johor State East group"},
{"id": "AS-047", "name": "Daito Islands"},
{"id": "AS-048", "name": "De Longa Islands"},
{"id": "AS-049", "name": "Tokara Islands"},
{"id": "AS-050", "name": "Sergeya Kirova Islands"},
{"id": "AS-051", "name": "Spratly Islands"},
{"id": "AS-053", "name": "Malay Peninsula West group"},
{"id": "AS-054", "name": "Laptev Sea Coast West group"},
{"id": "AS-055", "name": "Vize Island"},
{"id": "AS-056", "name": "Danjo Islands"},
{"id": "AS-057", "name": "Uyedineniya Island"},
{"id": "AS-058", "name": "Perlis / Kedah State group"},
{"id": "AS-059", "name": "Sea of Okhotsk Coast group"},
{"id": "AS-060", "name": "Cholla-namdo Province group"},
{"id": "AS-061", "name": "Ratmanova (Big Diomede) Island"},
{"id": "AS-062", "name": "Habomai Islands"},
{"id": "AS-063", "name": "Laptev Sea Coast East group"},
{"id": "AS-064", "name": "Bering Sea Coast group"},
{"id": "AS-065", "name": "Chukchi Sea Coast East group"},
{"id": "AS-066", "name": "Sea of Japan Coast group"},
{"id": "AS-067", "name": "Uji & Kusagaki Islands"},
{"id": "AS-068", "name": "Kara Sea Coast Centre group"},
{"id": "AS-069", "name": "Iony Island"},
{"id": "AS-070", "name": "East Siberian Sea Coast East group"},
{"id": "AS-071", "name": "Bering Sea Coast North group"},
{"id": "AS-072", "name": "Perak State group"},
{"id": "AS-073", "name": "Kelantan / Terengganu State group"},
{"id": "AS-074", "name": "Selangor / Negeri Sembilan State group"},
{"id": "AS-075", "name": "Macau group"},
{"id": "AS-076", "name": "Shikoku Island"},
{"id": "AS-077", "name": "Kyushu Island"},
{"id": "AS-078", "name": "Hokkaido Island"},
{"id": "AS-079", "name": "Miyako Islands"},
{"id": "AS-080", "name": "Ch'ungch'ong-namdo Province group"},
{"id": "AS-081", "name": "Kyongsang-bukto / Kyongsang-namdo Province group"},
{"id": "AS-082", "name": "Laptev Sea Coast Centre group"},
{"id": "AS-083", "name": "Kara Sea Coast East group"},
{"id": "AS-084", "name": "Cheju-do Province (Ch'uja Islands) group"},
{"id": "AS-085", "name": "Cholla-namdo Province (Soan Islands) group"},
{"id": "AS-086", "name": "Izvestiy TS.I.K Islands"},
{"id": "AS-087", "name": "Arkticheskogo Instituta Islands"},
{"id": "AS-088", "name": "Qatar group"},
{"id": "AS-089", "name": "Kara Sea Coast West group"},
{"id": "AS-090", "name": "Kyonggi-do Province (Tokchok Islands) group"},
{"id": "AS-091", "name": "Shelikhova Bay group"},
{"id": "AS-092", "name": "Bering Sea Coast South group"},
{"id": "AS-093", "name": "Cholla-namdo Province (Huksan Islands) group"},
{"id": "AS-094", "name": "Hainan Province (Hainan Island) group"},
{"id": "AS-095", "name": "Bering Sea Coast group"},
{"id": "AS-096", "name": "Karnataka State group"},
{"id": "AS-097", "name": "Melaka / Johor State West group"},
{"id": "AS-098", "name": "Aydin / Mugla Province group"},
{"id": "AS-099", "name": "Canakkale / Balikesir / Izmir Province group"},
{"id": "AS-100", "name": "Israel group"},
{"id": "AS-101", "name": "Malay Peninsula East group"},
{"id": "AS-102", "name": "Kinmen (Quemoy) Island"},
{"id": "AS-103", "name": "P'enghu (Pescadores) Islands"},
{"id": "AS-104", "name": "Kara Sea Coast East group"},
{"id": "AS-105", "name": "Kyonggi-do Province group"},
{"id": "AS-106", "name": "Minicoy Island"},
{"id": "AS-107", "name": "Gulf of Thailand North group"},
{"id": "AS-108", "name": "Lebanon group"},
{"id": "AS-109", "name": "Obskaya Gulf group"},
{"id": "AS-110", "name": "Tungsha (Pratas) Island"},
{"id": "AS-111", "name": "The Gulf group"},
{"id": "AS-112", "name": "Al Batinah / Masqat Region group"},
{"id": "AS-113", "name": "Matsu Islands"},
{"id": "AS-114", "name": "Sea of Okhotsk Coast South group"},
{"id": "AS-115", "name": "Antalya Province group"},
{"id": "AS-116", "name": "Huang Yan Island (Scarborough Reef)"},
{"id": "AS-117", "name": "Honshu's Coastal Islands"},
{"id": "AS-118", "name": "Kuwait group"},
{"id": "AS-119", "name": "Musandam Region group"},
{"id": "AS-120", "name": "Cyprus's Coastal Islands"},
{"id": "AS-121", "name": "Nordenshel'da Archipelago"},
{"id": "AS-122", "name": "Kyonggi-do Province West group"},
{"id": "AS-123", "name": "Icel / Adana / Hatay Province group"},
{"id": "AS-124", "name": "Gulf of Oman group"},
{"id": "AS-125", "name": "Gulf of Thailand North East group"},
{"id": "AS-126", "name": "Malay Peninsula South West group"},
{"id": "AS-127", "name": "Chittagong Region group"},
{"id": "AS-128", "name": "Gulf of Thailand group"},
{"id": "AS-129", "name": "Guangdong Province East group"},
{"id": "AS-130", "name": "South China Sea Coast South group"},
{"id": "AS-131", "name": "Guangdong Province West group"},
{"id": "AS-132", "name": "Gulf of Tongking North group"},
{"id": "AS-133", "name": "Cambodia group"},
{"id": "AS-134", "name": "Hebei / Tianjin Province group"},
{"id": "AS-135", "name": "Jiangsu Province group"},
{"id": "AS-136", "name": "Shanghai Province group"},
{"id": "AS-137", "name": "Zhejiang Province North group"},
{"id": "AS-138", "name": "Fujian Province group"},
{"id": "AS-139", "name": "Guangxi Autonomous Region group"},
{"id": "AS-140", "name": "Khulna / Barisal Region group"},
{"id": "AS-141", "name": "Zhejiang Province South group"},
{"id": "AS-142", "name": "Sea of Okhotsk Coast group"},
{"id": "AS-143", "name": "Hainan Province (Xisha Islands) group (aka Paracel Islands)"},
{"id": "AS-144", "name": "Tenasserim Region South group"},
{"id": "AS-145", "name": "Malay Peninsula South East group"},
{"id": "AS-146", "name": "Shandong Province North East group"},
{"id": "AS-147", "name": "Hokkaido's Coastal Islands"},
{"id": "AS-148", "name": "Cholla-bukto Province group"},
{"id": "AS-149", "name": "Sakhalin's Coastal Islands"},
{"id": "AS-150", "name": "Shandong Province South group"},
{"id": "AS-151", "name": "Liaoning Province West group"},
{"id": "AS-152", "name": "Laptev Sea Coast West group"},
{"id": "AS-153", "name": "West Bengal State group"},
{"id": "AS-154", "name": "Black Sea Coast East group"},
{"id": "AS-155", "name": "Taiwan's Coastal Islands"},
{"id": "AS-156", "name": "Ushakova Island"},
{"id": "AS-157", "name": "South China Sea Coast Centre group"},
{"id": "AS-158", "name": "Liaoning Province East group"},
{"id": "AS-159", "name": "Black Sea Coast West group"},
{"id": "AS-160", "name": "Shandong Province North West group"},
{"id": "AS-161", "name": "Kerala State group"},
{"id": "AS-162", "name": "South China Sea Coast North group"},
{"id": "AS-163", "name": "Laptev Sea Coast East group"},
{"id": "AS-164", "name": "East Siberian Sea Coast West group"},
{"id": "AS-165", "name": "Arakan Region group"},
{"id": "AS-166", "name": "Hormozgan Province group"},
{"id": "AS-167", "name": "Irrawaddy / Yangon / Pegu Region group"},
{"id": "AS-168", "name": "Kangwon-do Province group"},
{"id": "AS-169", "name": "Maharashtra State group"},
{"id": "AS-170", "name": "Shelikhova Bay group"},
{"id": "AS-171", "name": "Sri Lanka's Coastal Islands"},
{"id": "AS-172", "name": "Sea of Okhotsk Coast North group"},
{"id": "AS-173", "name": "Tamil Nadu State group"},
{"id": "AS-174", "name": "Chukchi Sea Coast West group"},
{"id": "AS-175", "name": "Gujarat State West group"},
{"id": "AS-176", "name": "Gujarat State East group"},
{"id": "AS-177", "name": "Goa State group"},
{"id": "AS-178", "name": "Andhra Pradesh State North group"},
{"id": "AS-179", "name": "Orissa State group"},
{"id": "AS-180", "name": "Balochistan Province group"},
{"id": "AS-181", "name": "Sindh Province group"},
{"id": "AS-182", "name": "Mon Region group"},
{"id": "AS-183", "name": "Tenasserim Region North group"},
{"id": "AS-184", "name": "Preparis Channel group"},
{"id": "AS-185", "name": "Gulf of Tongking South group"},
{"id": "AS-186", "name": "Syria group"},
{"id": "AS-187", "name": "Gulf of Aden East group"},
{"id": "AS-188", "name": "Khuzestan Province group"},
{"id": "AS-189", "name": "Bushehr Province group"},
{"id": "AS-190", "name": "Red Sea Coast North (Tabuk Province) group"},
{"id": "AS-191", "name": "Red Sea Coast Centre (Al Madinah / Makkah Province) group"},
{"id": "AS-192", "name": "Red Sea Coast South (Jizan Province) group"},
{"id": "AS-193", "name": "Farasan Islands"},
{"id": "AS-194", "name": "Senkaku Islands"},
{"id": "AS-195", "name": "P'yongan-Bukto / P'yongan-Namdo Province group"},
{"id": "AS-196", "name": "Nam'p'o-si / Hwanghae-Namdo Province group"},
{"id": "AS-197", "name": "Hamgyong-Bukto / Hamgyong-Namdo Province group"},
{"id": "AS-198", "name": "Kangwon-do Province group"},
{"id": "AS-199", "name": "Andhra Pradesh State South group"},
{"id": "AS-200", "name": "Shikoku Coastal Islands"},
{"id": "AS-201", "name": "Sea of Marmara Isl."},
{"id": "AS-202", "name": "Hawar Isl."},
{"id": "AS-203", "name": "Sea of Okhotsk Coast group (Shelikhova Bay group)"},
{"id": "EU-001", "name": "Dodecanese"},
{"id": "EU-002", "name": "Aland Islands"},
{"id": "EU-003", "name": "Eastern Azores group"},
{"id": "EU-004", "name": "Balearic Islands"},
{"id": "EU-005", "name": "Great Britain"},
{"id": "EU-006", "name": "Aran Islands"},
{"id": "EU-007", "name": "Blasket Islands"},
{"id": "EU-008", "name": "Inner Hebrides"},
{"id": "EU-009", "name": "Orkney"},
{"id": "EU-010", "name": "Outer Hebrides (aka Western Isles)"},
{"id": "EU-011", "name": "Isles of Scilly"},
{"id": "EU-012", "name": "Shetland and Fair Isle"},
{"id": "EU-013", "name": "Jersey"},
{"id": "EU-014", "name": "Corsica Island"},
{"id": "EU-015", "name": "Crete Island"},
{"id": "EU-016", "name": "Dalmatia South group"},
{"id": "EU-017", "name": "Eolie Islands (aka Lipari Islands)"},
{"id": "EU-018", "name": "Faroe Islands"},
{"id": "EU-019", "name": "Franz Josef Land"},
{"id": "EU-020", "name": "Gotland County (Gotland Island) group"},
{"id": "EU-021", "name": "Iceland"},
{"id": "EU-022", "name": "Jan Mayen Island"},
{"id": "EU-023", "name": "Malta group"},
{"id": "EU-024", "name": "Sardinia Island"},
{"id": "EU-025", "name": "Sicily Island"},
{"id": "EU-026", "name": "Spitsbergen Island (aka Svalbard Island)"},
{"id": "EU-027", "name": "Bear Island (aka Bjornoya)"},
{"id": "EU-028", "name": "Toscana (Tuscany) Region group"},
{"id": "EU-029", "name": "Sjaelland Archipelago"},
{"id": "EU-030", "name": "Bornholm Island"},
{"id": "EU-031", "name": "Campania Region group"},
{"id": "EU-032", "name": "Poitou-Charentes Region group"},
{"id": "EU-033", "name": "Vesteralen Islands"},
{"id": "EU-034", "name": "Hiiumaa / Saaremaa / Laanemaa County group"},
{"id": "EU-035", "name": "Novaya Zemlya"},
{"id": "EU-036", "name": "Sor-Trondelag / More og Romsdal County North group"},
{"id": "EU-037", "name": "Kalmar County group"},
{"id": "EU-038", "name": "Noord Holland / Friesland / Groningen Province group"},
{"id": "EU-039", "name": "Chausey Islands"},
{"id": "EU-040", "name": "Estremadura Province group"},
{"id": "EU-041", "name": "Maddalena Archipelago"},
{"id": "EU-042", "name": "Schleswig-Holstein State North West group"},
{"id": "EU-043", "name": "Goteborg och Bohus / Halland County group"},
{"id": "EU-044", "name": "Finnmark County West group"},
{"id": "EU-045", "name": "Lazio Region group"},
{"id": "EU-046", "name": "Troms County group"},
{"id": "EU-047", "name": "Niedersachsen State group"},
{"id": "EU-048", "name": "Bretagne (Morbihan) Region group"},
{"id": "EU-049", "name": "North Aegean Islands (Voreio Aigaio)"},
{"id": "EU-050", "name": "Puglia (Foggia) Region group"},
{"id": "EU-051", "name": "Ustica Island"},
{"id": "EU-052", "name": "Ipeiros / Dytiki Ellas Region group"},
{"id": "EU-053", "name": "Market Reef"},
{"id": "EU-054", "name": "Egadi Islands"},
{"id": "EU-055", "name": "Sogn og Fjordane / Hordaland / Rogaland County group"},
{"id": "EU-056", "name": "More og Romsdal County Centre group"},
{"id": "EU-057", "name": "Mecklenburg-Vorpommern State group"},
{"id": "EU-058", "name": "Provence-Cote d'Azur (Alpes Maritimes) Region group"},
{"id": "EU-059", "name": "St Kilda"},
{"id": "EU-060", "name": "Sterea Ellas Region group"},
{"id": "EU-061", "name": "Vest Agder to Ostfold County group"},
{"id": "EU-062", "name": "Nordland / Nord-Trondelag County group"},
{"id": "EU-063", "name": "Spitsbergen's Coastal Islands (aka Svalbard's Coastal Islands)"},
{"id": "EU-064", "name": "Pays de la Loire Region group"},
{"id": "EU-065", "name": "Bretagne (Finistere North West) Region group"},
{"id": "EU-066", "name": "Solovetskiye Islands"},
{"id": "EU-067", "name": "Kyklades (Cyclades)"},
{"id": "EU-068", "name": "Bretagne (Finistere South West) Region group"},
{"id": "EU-069", "name": "Columbretes Islands"},
{"id": "EU-070", "name": "Provence-Cote d'Azur (Var) Region group"},
{"id": "EU-071", "name": "Vestmannaeyjay (Westman Islands)"},
{"id": "EU-072", "name": "Thessalia Region group"},
{"id": "EU-073", "name": "Puglia (Taranto) Region group"},
{"id": "EU-074", "name": "Bretagne (Cotes-d'Armor Centre) Region group"},
{"id": "EU-075", "name": "Peloponnisos (Argolis) / Attiki Region group"},
{"id": "EU-076", "name": "Lofoten Islands"},
{"id": "EU-077", "name": "La Coruna / Lugo Province group"},
{"id": "EU-078", "name": "Gerona Province group"},
{"id": "EU-079", "name": "More og Romsdal County South group"},
{"id": "EU-080", "name": "Pontevedra Province group"},
{"id": "EU-081", "name": "Basse-Normandie (Manche East) Region group"},
{"id": "EU-082", "name": "Barents Sea Coast West group"},
{"id": "EU-083", "name": "Liguria Region group"},
{"id": "EU-084", "name": "Uppsala / Stockholm County group"},
{"id": "EU-085", "name": "Kolguev Island"},
{"id": "EU-086", "name": "Pechorskoye Sea Coast East group"},
{"id": "EU-087", "name": "Vasternorrland County group"},
{"id": "EU-088", "name": "Kattegat group"},
{"id": "EU-089", "name": "Western Azores group"},
{"id": "EU-090", "name": "Palagruza Islands"},
{"id": "EU-091", "name": "Puglia (Lecce / Brindisi / Bari) Region group"},
{"id": "EU-092", "name": "Summer Isles"},
{"id": "EU-093", "name": "Alicante / Murcia Province group"},
{"id": "EU-094", "name": "Bretagne (Finistere South) Region group"},
{"id": "EU-095", "name": "Provence-Cote d'Azur (Bouches du Rhone) Region group"},
{"id": "EU-096", "name": "Lansi-Suomi (Turku) Province group"},
{"id": "EU-097", "name": "Etela-Suomi (Uusimaa) Province group"},
{"id": "EU-099", "name": "Les Minquiers Islands"},
{"id": "EU-100", "name": "Cerbicales Islands"},
{"id": "EU-101", "name": "Lansi-Suomi (Vaasa) Province group"},
{"id": "EU-102", "name": "Pechorskoye Sea Coast Centre group"},
{"id": "EU-103", "name": "Saltee Islands"},
{"id": "EU-104", "name": "Sanguinaires Islands"},
{"id": "EU-105", "name": "Bretagne (Finistere North) Region group"},
{"id": "EU-106", "name": "St Tudwal's Islands"},
{"id": "EU-107", "name": "Bretagne (Cotes-d'Armor West) Region group"},
{"id": "EU-108", "name": "Treshnish Isles"},
{"id": "EU-109", "name": "Farne Islands"},
{"id": "EU-110", "name": "Istra group"},
{"id": "EU-111", "name": "Monach Islands"},
{"id": "EU-112", "name": "Shiant Islands"},
{"id": "EU-113", "name": "Peloponnisos (Lakonia) / Kythira Region group"},
{"id": "EU-114", "name": "Guernsey group"},
{"id": "EU-115", "name": "Ireland (Ireland / Northern Ireland)"},
{"id": "EU-116", "name": "Isle of Man"},
{"id": "EU-117", "name": "Malyy Vysotskiy Island"},
{"id": "EU-118", "name": "Flannan Isles"},
{"id": "EU-119", "name": "White Sea Coast East group"},
{"id": "EU-120", "name": "English Coastal Islands"},
{"id": "EU-121", "name": "Irish Coastal Islands"},
{"id": "EU-122", "name": "Northern Irish Coastal Islands"},
{"id": "EU-123", "name": "Scottish Coastal Islands"},
{"id": "EU-124", "name": "Welsh Coastal Islands"},
{"id": "EU-125", "name": "Jylland West group"},
{"id": "EU-126", "name": "Lappi Province group"},
{"id": "EU-127", "name": "Schleswig-Holstein State South West group"},
{"id": "EU-128", "name": "Schleswig-Holstein State East group"},
{"id": "EU-129", "name": "Usedom Island (aka Uznam Island)"},
{"id": "EU-130", "name": "Friuli-Venezia Giulia Region group"},
{"id": "EU-131", "name": "Veneto Region group"},
{"id": "EU-132", "name": "Szczecin / Koszalin Province group"},
{"id": "EU-133", "name": "Gulf of Finland group"},
{"id": "EU-134", "name": "Bilbao / San Sebastian (Basque Country) Province group"},
{"id": "EU-135", "name": "Vasterbotten County group"},
{"id": "EU-136", "name": "Kvarner group"},
{"id": "EU-137", "name": "Skane County group"},
{"id": "EU-138", "name": "Blekinge County group"},
{"id": "EU-139", "name": "Norrbotten County group"},
{"id": "EU-140", "name": "Etela-Suomi (Kymi) Province group"},
{"id": "EU-141", "name": "Finnmark County East group"},
{"id": "EU-142", "name": "Oviedo / Santander Province group"},
{"id": "EU-143", "name": "Cadiz / Huelva Province group"},
{"id": "EU-144", "name": "Calabria / Basilicata region group"},
{"id": "EU-145", "name": "Algarve Province group"},
{"id": "EU-146", "name": "Zuid Holland / Zeeland Province group"},
{"id": "EU-147", "name": "White Sea Coast group"},
{"id": "EU-148", "name": "Languedoc-Roussillon Region group"},
{"id": "EU-149", "name": "Tallinn & Harjumaa / Virumaa County group"},
{"id": "EU-150", "name": "Minho / Douro Litoral / Beira Litoral Province group"},
{"id": "EU-151", "name": "Castellon / Valencia Province group"},
{"id": "EU-152", "name": "Almeria / Grande / Malaga Province group"},
{"id": "EU-153", "name": "White Sea Coast West group"},
{"id": "EU-155", "name": "Emilia Romagna Region group"},
{"id": "EU-156", "name": "Basse-Normandie (Manche West) Region group"},
{"id": "EU-157", "name": "Bretagne (Cotes-d'Armor East / Ille et Vilaine) Region group"},
{"id": "EU-158", "name": "Peloponnisos (Messinia) Region group"},
{"id": "EU-159", "name": "Aquitaine Region group"},
{"id": "EU-160", "name": "Barents Sea Coast group"},
{"id": "EU-161", "name": "Barents Sea Coast East group"},
{"id": "EU-162", "name": "White Sea Coast group"},
{"id": "EU-163", "name": "Montenegro group (aka Crna Gora group)"},
{"id": "EU-164", "name": "Corsica's Coastal Islands"},
{"id": "EU-165", "name": "Sardinia's Coastal Islands"},
{"id": "EU-166", "name": "Sicily's Coastal Islands"},
{"id": "EU-167", "name": "Baixo Alentejo Province group"},
{"id": "EU-168", "name": "Iceland's Coastal Islands"},
{"id": "EU-169", "name": "Albania group"},
{"id": "EU-170", "name": "Dalmatia North group"},
{"id": "EU-171", "name": "Jylland North group"},
{"id": "EU-172", "name": "Jylland East and Fyn group"},
{"id": "EU-173", "name": "Lansi-Suomi (Pori) Province group"},
{"id": "EU-174", "name": "Makedonia / Thraki Region group"},
{"id": "EU-175", "name": "Central Azores group"},
{"id": "EU-176", "name": "Gavleborg County group"},
{"id": "EU-177", "name": "Sodermanland / Ostergotland County group"},
{"id": "EU-178", "name": "Parnumaa County / Saaremaa County South group"},
{"id": "EU-179", "name": "Black Sea Coast group"},
{"id": "EU-180", "name": "Black Sea Coast group"},
{"id": "EU-181", "name": "Bulgaria group"},
{"id": "EU-182", "name": "Black Sea Coast group"},
{"id": "EU-183", "name": "Romania group"},
{"id": "EU-184", "name": "Oulu Province group"},
{"id": "EU-185", "name": "Black Sea Coast group"},
{"id": "EU-186", "name": "Turkey group"},
{"id": "EU-187", "name": "Crete's Coastal Islands"},
{"id": "EU-188", "name": "Pechorskoye Sea Coast West group"},
{"id": "EU-189", "name": "Isle of Rockall"},
{"id": "EU-190", "name": "Viktoriya Isl."},
{"id": "EU-191", "name": "Fericirii Isl"},
{"id": "IOTA", "name": "Group name"},
{"id": "NA-001", "name": "Great Bahama Bank group"},
{"id": "NA-002", "name": "Caicos Islands"},
{"id": "NA-003", "name": "Turks Islands"},
{"id": "NA-004", "name": "North Slope County Centre group"},
{"id": "NA-005", "name": "Bermuda Islands"},
{"id": "NA-006", "name": "Nunavut (Victoria Island) group"},
{"id": "NA-007", "name": "Nunavut (Southampton Island) group"},
{"id": "NA-008", "name": "Nunavut (Ellesmere Island) group"},
{"id": "NA-009", "name": "Nunavut (Parry Islands) group"},
{"id": "NA-010", "name": "Nova Scotia Province (Cape Breton Island) group"},
{"id": "NA-011", "name": "Clipperton Island"},
{"id": "NA-012", "name": "Coco's Island"},
{"id": "NA-013", "name": "Caribbean Sea Coast Centre group"},
{"id": "NA-014", "name": "New Brunswick Province South group"},
{"id": "NA-015", "name": "Cuba (main island and coastal islands not qualifying for other groups)"},
{"id": "NA-016", "name": "Cayman Islands"},
{"id": "NA-017", "name": "Baja California State South West group"},
{"id": "NA-018", "name": "Greenland (main island and coastal islands not qualifying for other groups)"},
{"id": "NA-019", "name": "Kodiak group"},
{"id": "NA-020", "name": "Aves Island"},
{"id": "NA-021", "name": "Barbados"},
{"id": "NA-022", "name": "Anguilla"},
{"id": "NA-023", "name": "British Virgin Islands"},
{"id": "NA-024", "name": "Grenada"},
{"id": "NA-025", "name": "The Grenadines"},
{"id": "NA-026", "name": "New York State group"},
{"id": "NA-027", "name": "Newfoundland Island (main island and coastal islands not qualifying for other groups)"},
{"id": "NA-028", "name": "Pribilof Islands"},
{"id": "NA-029", "name": "Prince Edward Island (include satellite islands)"},
{"id": "NA-030", "name": "Revilla Gigedo Islands"},
{"id": "NA-031", "name": "Rhode Island State group"},
{"id": "NA-032", "name": "St Pierre and Miquelon Islands"},
{"id": "NA-033", "name": "San Andres Island"},
{"id": "NA-034", "name": "Florida State Centre West (Pasco to Sarasota County) group"},
{"id": "NA-035", "name": "Santanilla Islands (aka Swan Islands Cisne Islands)"},
{"id": "NA-036", "name": "British Columbia Province (Vancouver Island) group"},
{"id": "NA-037", "name": "Near Islands (Semichi Islands) group"},
{"id": "NA-038", "name": "Quebec Province (La Madeleine Islands) group"},
{"id": "NA-039", "name": "Andreanof Islands"},
{"id": "NA-040", "name": "St Lawrence Island"},
{"id": "NA-041", "name": "Alexander Archipelago"},
{"id": "NA-042", "name": "Valdez Cordova County West group"},
{"id": "NA-043", "name": "Nunavut (Sverdrup Islands) group"},
{"id": "NA-044", "name": "Newfoundland Province (Labrador) South group"},
{"id": "NA-045", "name": "Quintana Roo State North group"},
{"id": "NA-046", "name": "Massachusetts State South (Bristol to Barnstable County) group"},
{"id": "NA-047", "name": "Nunavut (Baffin Island) group"},
{"id": "NA-048", "name": "Bimini Islands"},
{"id": "NA-049", "name": "Providencia Island (include Santa Catalina)"},
{"id": "NA-050", "name": "North Slope County East group"},
{"id": "NA-051", "name": "British Columbia Province (Queen Charlotte Islands) group"},
{"id": "NA-052", "name": "Florida State South West (Collier / Monroe County) group"},
{"id": "NA-053", "name": "Trinity Islands"},
{"id": "NA-054", "name": "Berry Islands"},
{"id": "NA-055", "name": "Maine State East (Knox to Washington County) group"},
{"id": "NA-056", "name": "La Juventud Island"},
{"id": "NA-057", "name": "Bahia Islands"},
{"id": "NA-058", "name": "Georgia State group"},
{"id": "NA-059", "name": "Fox Islands"},
{"id": "NA-060", "name": "Valle / Choluteca Department group"},
{"id": "NA-061", "name": "British Columbia Province North group"},
{"id": "NA-062", "name": "Florida State (Florida Keys) group"},
{"id": "NA-063", "name": "Sable Island"},
{"id": "NA-064", "name": "Near Islands (Agattu and Attu) group"},
{"id": "NA-065", "name": "Washington State North group"},
{"id": "NA-066", "name": "California State South (Orange / San Diego County) group"},
{"id": "NA-067", "name": "North Carolina State East (Carteret to Currituck County) group"},
{"id": "NA-068", "name": "New Brunswick Province North group"},
{"id": "NA-069", "name": "Florida State South West (Charlotte / Lee County) group"},
{"id": "NA-070", "name": "Rat Islands"},
{"id": "NA-071", "name": "Chiriqui / Veraguas South Province group"},
{"id": "NA-072", "name": "Panama / Darien Province group"},
{"id": "NA-073", "name": "Corozal / Belize District group"},
{"id": "NA-074", "name": "Nunivak Island"},
{"id": "NA-075", "name": "British Columbia Province (Gulf Islands) group"},
{"id": "NA-076", "name": "Florida State North West (Jefferson to Hernando County) group"},
{"id": "NA-077", "name": "Quebec Province (Anticosti Island) group"},
{"id": "NA-078", "name": "Baja California Sur State South West group"},
{"id": "NA-079", "name": "Florida State (Dry Tortugas Islands) group"},
{"id": "NA-080", "name": "Little Bahama Bank group"},
{"id": "NA-081", "name": "Nova Scotia Province East group"},
{"id": "NA-082", "name": "Mississippi State group"},
{"id": "NA-083", "name": "Virginia State group"},
{"id": "NA-084", "name": "Quebec Province (St Lawrence Gulf) East group"},
{"id": "NA-085", "name": "Florida State North West (Bay to Wakulla County) group"},
{"id": "NA-086", "name": "Ciego de Avila / Camaguey Province North group"},
{"id": "NA-087", "name": "Shumagin Islands"},
{"id": "NA-088", "name": "Bocas del Toro Province group"},
{"id": "NA-089", "name": "Louisiana State East (St Bernard Parish) group"},
{"id": "NA-090", "name": "Quintana Roo State Centre group"},
{"id": "NA-091", "name": "British Columbia Province South group"},
{"id": "NA-092", "name": "Texas State West (Cameron to Calhoun County) group"},
{"id": "NA-093", "name": "Pinar del Rio / La Habana Province group"},
{"id": "NA-094", "name": "St Paul Island"},
{"id": "NA-095", "name": "Desecheo Island"},
{"id": "NA-096", "name": "Hispaniola"},
{"id": "NA-097", "name": "Jamaica"},
{"id": "NA-098", "name": "Navassa Island"},
{"id": "NA-099", "name": "Puerto Rico"},
{"id": "NA-100", "name": "Antigua and Barbuda"},
{"id": "NA-101", "name": "Dominica"},
{"id": "NA-102", "name": "Guadeloupe"},
{"id": "NA-103", "name": "Montserrat"},
{"id": "NA-104", "name": "St Kitts and Nevis"},
{"id": "NA-105", "name": "Sint Maarten"},
{"id": "NA-106", "name": "Virgin Islands"},
{"id": "NA-107", "name": "Martinique"},
{"id": "NA-108", "name": "St Lucia"},
{"id": "NA-109", "name": "St Vincent"},
{"id": "NA-110", "name": "South Carolina State group"},
{"id": "NA-111", "name": "New Jersey State group"},
{"id": "NA-112", "name": "North Carolina State West (Brunswick to Carteret County) group"},
{"id": "NA-113", "name": "South Bahamas group"},
{"id": "NA-114", "name": "Les Saintes Islands"},
{"id": "NA-115", "name": "Clarion Island"},
{"id": "NA-116", "name": "Puntarenas Province West group"},
{"id": "NA-117", "name": "Puntarenas Province East group"},
{"id": "NA-118", "name": "British Columbia Province (Dundas Islands) group"},
{"id": "NA-119", "name": "Louisiana State Centre (Terrebonne Parish) group"},
{"id": "NA-120", "name": "Louisiana State West (Cameron to St Mary Parish) group"},
{"id": "NA-121", "name": "Dillingham / Bristol Bay County group"},
{"id": "NA-122", "name": "Dominican Republic's Coastal Islands"},
{"id": "NA-123", "name": "Turneffe Islands"},
{"id": "NA-124", "name": "Baja California Sur State South East group"},
{"id": "NA-125", "name": "Quebec Province (St Lawrence Gulf) West group"},
{"id": "NA-126", "name": "Nova Scotia Province South group"},
{"id": "NA-127", "name": "Nova Scotia Province West group"},
{"id": "NA-128", "name": "Quebec Province (St Lawrence Waterway) group"},
{"id": "NA-129", "name": "Nunavut (Banks Island) group"},
{"id": "NA-130", "name": "Nunavut (Baffin's Coastal Islands) East group"},
{"id": "NA-131", "name": "Nunavut (Kitikmeot Region) East Centre group"},
{"id": "NA-132", "name": "Bajo Nuevo and Serranilla Bank Cays"},
{"id": "NA-133", "name": "Serrana Bank and Roncador Cays"},
{"id": "NA-134", "name": "Greenland's Coastal Islands North West"},
{"id": "NA-135", "name": "Campeche State group"},
{"id": "NA-136", "name": "Connecticut State group"},
{"id": "NA-137", "name": "Maine State West (York to Knox County) group"},
{"id": "NA-138", "name": "Florida State North East (Brevard to Nassau County) group"},
{"id": "NA-139", "name": "Maryland State East group"},
{"id": "NA-140", "name": "Maryland State West group"},
{"id": "NA-141", "name": "Florida State South East (Dade to Indian River County) group"},
{"id": "NA-142", "name": "Florida State North West (Escambia to Walton County) group"},
{"id": "NA-143", "name": "Texas State East (Matagorda to Jefferson County) group"},
{"id": "NA-144", "name": "California State South (Santa Barbara to Los Angeles County) group"},
{"id": "NA-145", "name": "Sint Eustatius"},
{"id": "NA-146", "name": "St Barthelemy Island"},
{"id": "NA-147", "name": "The Grenadines"},
{"id": "NA-148", "name": "Massachusetts State North (Barnstable to Essex County) group"},
{"id": "NA-149", "name": "Haiti's Coastal Islands"},
{"id": "NA-150", "name": "Little Diomede Island"},
{"id": "NA-151", "name": "Greenland's Coastal Islands South East"},
{"id": "NA-152", "name": "Nome County North group"},
{"id": "NA-153", "name": "Yucatan State group"},
{"id": "NA-154", "name": "Nova Scotia Province North group"},
{"id": "NA-155", "name": "Limon Province group"},
{"id": "NA-156", "name": "Nunavut (Hudson Bay - Quebec Coast) North West group"},
{"id": "NA-157", "name": "Valdez Cordova County East group"},
{"id": "NA-158", "name": "Kenai - Cook Inlet group"},
{"id": "NA-159", "name": "Nunavut (King George Islands) group"},
{"id": "NA-160", "name": "Cortes / Atlantida / Colon Department group"},
{"id": "NA-161", "name": "Skagway - Yakutat County group"},
{"id": "NA-162", "name": "Baja California State North West group"},
{"id": "NA-163", "name": "Baja California State East group"},
{"id": "NA-164", "name": "Baja California Sur State North West group"},
{"id": "NA-165", "name": "Baja California Sur State North East group"},
{"id": "NA-166", "name": "Sonora State South group"},
{"id": "NA-167", "name": "Sonora State North group"},
{"id": "NA-168", "name": "Louisiana State South East (Lafourche to Plaquemines Parish) group"},
{"id": "NA-169", "name": "Washington State West group"},
{"id": "NA-170", "name": "San Blas Province group"},
{"id": "NA-171", "name": "Sinaloa State group"},
{"id": "NA-172", "name": "North Slope County North group"},
{"id": "NA-173", "name": "Nunavut (Hudson Bay - Quebec Coast) South group"},
{"id": "NA-174", "name": "Nunavut (Foxe Basin) group"},
{"id": "NA-175", "name": "Nunavut (Kitikmeot Region) West Centre group"},
{"id": "NA-176", "name": "Quebec Province (St Lawrence Gulf) Centre group"},
{"id": "NA-177", "name": "Quebec Province (Gaspe Peninsula) group"},
{"id": "NA-178", "name": "California State Centre (Sonoma to Santa Cruz County) group"},
{"id": "NA-179", "name": "Guadalupe Island"},
{"id": "NA-180", "name": "Stann Creek / Toledo District group"},
{"id": "NA-181", "name": "British Columbia Province (Estevan Group)"},
{"id": "NA-182", "name": "NWT (Inuvik Region) East group"},
{"id": "NA-183", "name": "Guerrero State group"},
{"id": "NA-184", "name": "California State North (Del Norte to Mendocino County) group"},
{"id": "NA-185", "name": "Nunavut (Keewatin Region) group"},
{"id": "NA-186", "name": "Nunavut (Hudson Bay - Manitoba Coast) group"},
{"id": "NA-187", "name": "California State Centre (Monterey / San Luis Obispo County) group"},
{"id": "NA-188", "name": "Oaxaca State group"},
{"id": "NA-189", "name": "Nayarit / Jalisco State group"},
{"id": "NA-190", "name": "El Salvador group"},
{"id": "NA-191", "name": "Guanacaste Province group"},
{"id": "NA-192", "name": "NWT (Inuvik Region) West group"},
{"id": "NA-193", "name": "Yukon Territory group"},
{"id": "NA-194", "name": "Newfoundland Province (Labrador) North group"},
{"id": "NA-195", "name": "Nunavut (Hudson Bay - Quebec Coast) Centre group"},
{"id": "NA-196", "name": "Nunavut (Belcher Islands) group"},
{"id": "NA-197", "name": "Kenai Peninsula County group"},
{"id": "NA-198", "name": "Newfoundland's Coastal Islands"},
{"id": "NA-199", "name": "St Martin's Coastal Islands"},
{"id": "NA-200", "name": "Quintana Roo State South group"},
{"id": "NA-201", "name": "Ciego de Avila / Camaguey Province South group"},
{"id": "NA-202", "name": "Colon / Veraguas North Province group"},
{"id": "NA-203", "name": "Los Santos / Herrera / Cocle Province group"},
{"id": "NA-204", "name": "Matanzas / Villa Clara / Sancti Spiritus Province group"},
{"id": "NA-205", "name": "Newfoundland Province (Labrador) Centre group"},
{"id": "NA-206", "name": "Barren Islands"},
{"id": "NA-207", "name": "Nunavut (Hudson Bay - Ontario Coast) South group"},
{"id": "NA-208", "name": "Nunavut (Kitikmeot Region) East group"},
{"id": "NA-209", "name": "Caribbean Sea Coast South group"},
{"id": "NA-210", "name": "Nome County Centre group"},
{"id": "NA-211", "name": "Oregon State group"},
{"id": "NA-212", "name": "Pacific Ocean Coast group"},
{"id": "NA-213", "name": "Alabama State group"},
{"id": "NA-214", "name": "Nome County South group"},
{"id": "NA-215", "name": "Northwest Arctic County group"},
{"id": "NA-216", "name": "Northern Alaska Peninsula West group"},
{"id": "NA-217", "name": "New Hampshire State group"},
{"id": "NA-218", "name": "Las Tunas / Holguin / Santiago de Cuba Province group"},
{"id": "NA-219", "name": "Cay Sal Bank Cays"},
{"id": "NA-220", "name": "Greenland's Coastal Islands South West"},
{"id": "NA-221", "name": "Veracruz State North group"},
{"id": "NA-222", "name": "Southern Alaska Peninsula West group"},
{"id": "NA-223", "name": "Gracias a Dios Department group"},
{"id": "NA-224", "name": "Veracruz State South group"},
{"id": "NA-225", "name": "Nunavut (Prince of Wales and Somerset Islands) group"},
{"id": "NA-226", "name": "Colima / Michoacan State group"},
{"id": "NA-227", "name": "Nunavut (Kitikmeot Region) West group"},
{"id": "NA-228", "name": "Caribbean Sea Coast North group"},
{"id": "NA-229", "name": "Nunavut (Hudson Bay - Quebec Coast) North East group"},
{"id": "NA-230", "name": "Nunavut (Ottawa Islands) group"},
{"id": "NA-231", "name": "Nunavut (Hudson Bay - Ontario Coast) North group"},
{"id": "NA-232", "name": "St Matthew Island"},
{"id": "NA-233", "name": "Delarof Islands"},
{"id": "NA-234", "name": "Islands of Four Mountains"},
{"id": "NA-235", "name": "Semidi Islands"},
{"id": "NA-236", "name": "Sanak Islands"},
{"id": "NA-237", "name": "Southern Alaska Peninsula East group"},
{"id": "NA-238", "name": "Southern Alaska Peninsula Centre group"},
{"id": "NA-239", "name": "Northern Alaska Peninsula East group"},
{"id": "NA-240", "name": "Bethel County group"},
{"id": "NA-241", "name": "Wade-Hampton County group"},
{"id": "NA-242", "name": "North Slope County West group"},
{"id": "NA-243", "name": "Greenland's Coastal Islands North East group"},
{"id": "NA-244", "name": "Marias Islands"},
{"id": "NA-245", "name": "Rocas Alijos Islands"},
{"id": "NA-246", "name": "Tamaulipas State Group"},
{"id": "NA-247", "name": "St. Maarten’s Coastal Islands"},
{"id": "NA-248", "name": "Nunavut (Devon) Island (Melville Island group)"},
{"id": "OC-001", "name": "Australia"},
{"id": "OC-002", "name": "Christmas Island"},
{"id": "OC-003", "name": "Cocos (Keeling) Islands"},
{"id": "OC-004", "name": "Lord Howe Island"},
{"id": "OC-005", "name": "Norfolk Island"},
{"id": "OC-006", "name": "Tasmania"},
{"id": "OC-007", "name": "Willis Islands"},
{"id": "OC-008", "name": "Bismarck Archipelago"},
{"id": "OC-009", "name": "Palau Islands"},
{"id": "OC-010", "name": "Pohnpei Islands"},
{"id": "OC-011", "name": "Chuuk Islands"},
{"id": "OC-012", "name": "Yap Islands"},
{"id": "OC-013", "name": "Rarotonga Island"},
{"id": "OC-014", "name": "Manihiki Atoll"},
{"id": "OC-015", "name": "Tuvalu Islands"},
{"id": "OC-016", "name": "Viti Levu and Vanua Levu group"},
{"id": "OC-017", "name": "Gilbert Islands"},
{"id": "OC-018", "name": "Banaba Island"},
{"id": "OC-019", "name": "Hawaiian Islands"},
{"id": "OC-020", "name": "Kure Atoll"},
{"id": "OC-021", "name": "Java Island"},
{"id": "OC-022", "name": "Bali Island"},
{"id": "OC-023", "name": "Johnston Atoll"},
{"id": "OC-024", "name": "Kiritimati Island (aka Christmas Island)"},
{"id": "OC-025", "name": "Admiralty Islands"},
{"id": "OC-026", "name": "Guam Island"},
{"id": "OC-027", "name": "Marquesas Islands"},
{"id": "OC-028", "name": "Ralik Chain"},
{"id": "OC-029", "name": "Ratak Chain"},
{"id": "OC-030", "name": "Midway Islands"},
{"id": "OC-031", "name": "Nauru"},
{"id": "OC-032", "name": "New Caledonia Island"},
{"id": "OC-033", "name": "Loyalty Islands"},
{"id": "OC-034", "name": "New Guinea (Papua New Guinea / Indonesia Irian Jaya)"},
{"id": "OC-035", "name": "New Hebrides"},
{"id": "OC-036", "name": "North Island"},
{"id": "OC-037", "name": "Campbell Island"},
{"id": "OC-038", "name": "Chatham Islands"},
{"id": "OC-039", "name": "Kermadec Islands"},
{"id": "OC-040", "name": "Niue Island"},
{"id": "OC-041", "name": "Ninigo group"},
{"id": "OC-042", "name": "Luzon Island"},
{"id": "OC-043", "name": "Phoenix Islands"},
{"id": "OC-044", "name": "Pitcairn Island"},
{"id": "OC-045", "name": "Tutuila Island"},
{"id": "OC-046", "name": "Windward Islands"},
{"id": "OC-047", "name": "Solomon Islands"},
{"id": "OC-048", "name": "Tokelau Islands"},
{"id": "OC-049", "name": "Tongatapu group"},
{"id": "OC-050", "name": "Rurutu and Rimatara Islands"},
{"id": "OC-051", "name": "Rapa and Marotiri Islands"},
{"id": "OC-052", "name": "Duke of Gloucester Islands"},
{"id": "OC-053", "name": "Wake Island"},
{"id": "OC-054", "name": "Wallis Islands"},
{"id": "OC-055", "name": "French Frigate Shoals"},
{"id": "OC-056", "name": "Henderson Island"},
{"id": "OC-057", "name": "Maupihaa group"},
{"id": "OC-058", "name": "D'Entrecasteaux Reefs"},
{"id": "OC-059", "name": "Kosrae Island"},
{"id": "OC-060", "name": "Rotuma Island"},
{"id": "OC-062", "name": "Pukapuka Atoll"},
{"id": "OC-063", "name": "Gambier Islands"},
{"id": "OC-064", "name": "Vava'u group"},
{"id": "OC-065", "name": "Reef Islands (aka Swallow Islands)"},
{"id": "OC-066", "name": "Tuamotu Archipelago"},
{"id": "OC-067", "name": "Leeward Islands"},
{"id": "OC-068", "name": "Snares Islands"},
{"id": "OC-069", "name": "Lihir group"},
{"id": "OC-070", "name": "Seram group"},
{"id": "OC-071", "name": "Western Australia State (North Coast) West group"},
{"id": "OC-072", "name": "Mellish Reef"},
{"id": "OC-073", "name": "Minami Torishima"},
{"id": "OC-074", "name": "Auckland Islands"},
{"id": "OC-075", "name": "Riau Islands"},
{"id": "OC-076", "name": "Sula Islands"},
{"id": "OC-077", "name": "Manua Islands"},
{"id": "OC-078", "name": "Ulithi Atoll"},
{"id": "OC-079", "name": "Belep Islands"},
{"id": "OC-080", "name": "Suwarrow Atoll (aka Suvorov Atoll)"},
{"id": "OC-081", "name": "Jarvis Island"},
{"id": "OC-082", "name": "Penrhyn Atoll (aka Tongareva Atoll)"},
{"id": "OC-083", "name": "Aitutaki group"},
{"id": "OC-084", "name": "Tabuaeran and Teraina Islands (aka Fanning and Washington Islands)"},
{"id": "OC-085", "name": "Palmyra Atoll"},
{"id": "OC-086", "name": "Northern Mariana Islands"},
{"id": "OC-087", "name": "Enewetak Atoll (aka Eniwetok Atoll)"},
{"id": "OC-088", "name": "Borneo (East Malaysia / Brunei / Indonesia Kalimantan)"},
{"id": "OC-089", "name": "Baker and Howland Islands"},
{"id": "OC-090", "name": "Calamian group"},
{"id": "OC-091", "name": "Polillo Islands"},
{"id": "OC-092", "name": "Babuyan Islands"},
{"id": "OC-093", "name": "Batan Islands"},
{"id": "OC-094", "name": "Disappointment Islands"},
{"id": "OC-095", "name": "Lau group"},
{"id": "OC-096", "name": "Kingman Reef"},
{"id": "OC-097", "name": "Samoa Islands"},
{"id": "OC-098", "name": "Pukapuka Atoll (aka Danger Islands)"},
{"id": "OC-099", "name": "Tabar Islands"},
{"id": "OC-100", "name": "Nendo Island"},
{"id": "OC-101", "name": "Feni Islands"},
{"id": "OC-102", "name": "Tanga Islands"},
{"id": "OC-103", "name": "St Matthias group"},
{"id": "OC-104", "name": "Banks Islands"},
{"id": "OC-105", "name": "Cagayan de Sulu group"},
{"id": "OC-106", "name": "Natuna Besar Islands"},
{"id": "OC-107", "name": "Lingga Islands"},
{"id": "OC-108", "name": "Anambas Islands"},
{"id": "OC-109", "name": "Natuna Selatan Islands (aka Subi Besar Islands)"},
{"id": "OC-110", "name": "Torres Islands"},
{"id": "OC-111", "name": "Shepherd Islands"},
{"id": "OC-112", "name": "Conway Reef"},
{"id": "OC-113", "name": "Actaeon group"},
{"id": "OC-114", "name": "Raivavae Island"},
{"id": "OC-115", "name": "Trobriand Islands"},
{"id": "OC-116", "name": "D'Entrecasteaux Islands"},
{"id": "OC-117", "name": "Louisiade Archipelago"},
{"id": "OC-118", "name": "Hoorn Islands"},
{"id": "OC-119", "name": "Jolo group"},
{"id": "OC-120", "name": "Cuyo Islands"},
{"id": "OC-121", "name": "Mamanuca group (aka Mamanutha)"},
{"id": "OC-122", "name": "Tambelan Islands"},
{"id": "OC-123", "name": "Niuafo'ou Island"},
{"id": "OC-124", "name": "Palmerston Atoll"},
{"id": "OC-125", "name": "Semirara Islands"},
{"id": "OC-126", "name": "Lubang Islands"},
{"id": "OC-127", "name": "Rennell Island"},
{"id": "OC-128", "name": "Palawan Island"},
{"id": "OC-129", "name": "Visayan Islands"},
{"id": "OC-130", "name": "Mindanao Island"},
{"id": "OC-131", "name": "King George Islands"},
{"id": "OC-132", "name": "East Yap group"},
{"id": "OC-133", "name": "Sabah's Coastal Islands"},
{"id": "OC-134", "name": "South Island"},
{"id": "OC-135", "name": "Solomon Islands"},
{"id": "OC-136", "name": "Victoria State Centre group"},
{"id": "OC-137", "name": "Queensland State (South Coast) South group"},
{"id": "OC-138", "name": "Queensland State (Torres Strait) group"},
{"id": "OC-139", "name": "South Australia State East Centre group"},
{"id": "OC-140", "name": "Western Australia State (N.W. Coast) West group"},
{"id": "OC-141", "name": "Northern Territory (Gulf of Carpentaria) North group"},
{"id": "OC-142", "name": "Queensland State (South Coast) Centre group"},
{"id": "OC-143", "name": "Sumatra Island"},
{"id": "OC-144", "name": "Bangka and Belitung Islands"},
{"id": "OC-145", "name": "Halmahera group"},
{"id": "OC-146", "name": "Celebes Island"},
{"id": "OC-147", "name": "Irian Jaya's Coastal Islands North"},
{"id": "OC-148", "name": "Timor Island"},
{"id": "OC-149", "name": "New Georgia Islands"},
{"id": "OC-150", "name": "Tenggara Barat Islands"},
{"id": "OC-151", "name": "Tenggara Timur Islands"},
{"id": "OC-152", "name": "Tubuai Island"},
{"id": "OC-153", "name": "Papua New Guinea's Coastal Islands South"},
{"id": "OC-154", "name": "Western Australia State (North Coast) East group"},
{"id": "OC-155", "name": "West Chuuk group"},
{"id": "OC-156", "name": "Yasawa group"},
{"id": "OC-157", "name": "Banda Islands"},
{"id": "OC-158", "name": "Florida Islands"},
{"id": "OC-159", "name": "Mangaia Island"},
{"id": "OC-160", "name": "Queensland State (South Coast) North group"},
{"id": "OC-161", "name": "Nias and Batu Islands"},
{"id": "OC-162", "name": "Shortland Islands"},
{"id": "OC-163", "name": "Vanikolo and Utupua Islands"},
{"id": "OC-164", "name": "Western Australia State (S.W. Coast) South group"},
{"id": "OC-165", "name": "Sarawak's Coastal Islands"},
{"id": "OC-166", "name": "Kalimantan's Coastal Islands East"},
{"id": "OC-167", "name": "Kapingamarangi Atoll"},
{"id": "OC-168", "name": "Russell Islands"},
{"id": "OC-169", "name": "Ha'apai Group"},
{"id": "OC-170", "name": "Western Australia State (South Coast) East Centre group"},
{"id": "OC-171", "name": "Queensland State (North Coast) South group"},
{"id": "OC-172", "name": "Queensland State (North Coast) Centre group"},
{"id": "OC-173", "name": "Northern Territory (Arafura Sea Coast) West group"},
{"id": "OC-174", "name": "Tawi Tawi group"},
{"id": "OC-175", "name": "Sarangani Islands"},
{"id": "OC-176", "name": "Chesterfield Islands"},
{"id": "OC-177", "name": "Seribu Islands"},
{"id": "OC-178", "name": "Tikopia and Anuta Islands"},
{"id": "OC-179", "name": "Duff Islands"},
{"id": "OC-180", "name": "Ngulu Atoll"},
{"id": "OC-181", "name": "Witu Islands"},
{"id": "OC-182", "name": "Ducie Island"},
{"id": "OC-183", "name": "Western Australia State (S.W. Coast) Centre group"},
{"id": "OC-184", "name": "Brunei's Coastal Islands"},
{"id": "OC-185", "name": "Northern Territory (Arafura Sea Coast) East group"},
{"id": "OC-186", "name": "Karimunjawa Islands"},
{"id": "OC-187", "name": "Queensland State (North Coast) North group"},
{"id": "OC-188", "name": "Pangutaran group"},
{"id": "OC-189", "name": "Ringgold Islands"},
{"id": "OC-190", "name": "Rose Atoll"},
{"id": "OC-191", "name": "Niuatoputapu Island"},
{"id": "OC-192", "name": "Ontong Java Atoll"},
{"id": "OC-193", "name": "Western Australia State (South Coast) West Centre group"},
{"id": "OC-194", "name": "New South Wales State North group"},
{"id": "OC-195", "name": "Furneaux Group"},
{"id": "OC-196", "name": "Victoria State East group"},
{"id": "OC-197", "name": "Bawean Island"},
{"id": "OC-198", "name": "Northern Territory (Gulf of Carpentaria) South group"},
{"id": "OC-199", "name": "Western Australia State (N.W. Coast) Centre group"},
{"id": "OC-200", "name": "Swains Island"},
{"id": "OC-201", "name": "North Island's Coastal Islands"},
{"id": "OC-202", "name": "Calagua Islands"},
{"id": "OC-203", "name": "South Island's Coastal Islands"},
{"id": "OC-204", "name": "Enggano Island"},
{"id": "OC-205", "name": "Woodlark group (aka Muyua group)"},
{"id": "OC-206", "name": "Western Australia State (S.W. Coast) North group"},
{"id": "OC-207", "name": "Cagayan Islands"},
{"id": "OC-208", "name": "Banggai Islands"},
{"id": "OC-209", "name": "Talaud Islands"},
{"id": "OC-210", "name": "Sangihe Islands"},
{"id": "OC-211", "name": "Houtman Abrolhos"},
{"id": "OC-212", "name": "New South Wales State Centre group"},
{"id": "OC-213", "name": "Togian Islands"},
{"id": "OC-214", "name": "Western Australia State (N.W. Coast) East group"},
{"id": "OC-215", "name": "Mentawai Islands"},
{"id": "OC-216", "name": "Ashmore and Cartier Islands"},
{"id": "OC-217", "name": "Kangean Islands"},
{"id": "OC-218", "name": "Matthew and Hunter Islands"},
{"id": "OC-219", "name": "Tukangbesi Islands"},
{"id": "OC-220", "name": "South Australia State West group"},
{"id": "OC-221", "name": "Kai Islands"},
{"id": "OC-222", "name": "Obi Islands"},
{"id": "OC-223", "name": "New South Wales State South group"},
{"id": "OC-224", "name": "Tanimbar Islands"},
{"id": "OC-225", "name": "Turtle Islands"},
{"id": "OC-226", "name": "Mwokil and Pingelap Atolls (aka Mokil and Pingelap Atolls)"},
{"id": "OC-227", "name": "Queensland State (Gulf of Carpentaria) South group"},
{"id": "OC-228", "name": "South Australia State East group"},
{"id": "OC-229", "name": "Northern Territory (Arafura Sea Coast) Centre group"},
{"id": "OC-230", "name": "Rowley Shoals"},
{"id": "OC-231", "name": "Green Islands"},
{"id": "OC-232", "name": "East Timor's Coastal Islands"},
{"id": "OC-233", "name": "Tasmania's Coastal Islands"},
{"id": "OC-234", "name": "Browse Island"},
{"id": "OC-235", "name": "Mindanao's Coastal Islands"},
{"id": "OC-236", "name": "Celebes's Coastal Islands"},
{"id": "OC-237", "name": "Java's Coastal Islands"},
{"id": "OC-238", "name": "Pukarua and Reao Atolls"},
{"id": "OC-239", "name": "Irian Jaya's Coastal Islands West"},
{"id": "OC-240", "name": "Papua New Guinea's Coastal Islands East"},
{"id": "OC-241", "name": "Timor Barat's Coastal Islands"},
{"id": "OC-242", "name": "Bonerate and Taka' Bonerate Islands"},
{"id": "OC-243", "name": "Western Australia State (South Coast) West group"},
{"id": "OC-244", "name": "Luzon's Coastal Islands"},
{"id": "OC-245", "name": "Sumatra's Coastal Islands North"},
{"id": "OC-246", "name": "Leti and Sermata Islands"},
{"id": "OC-247", "name": "Sabalana and Tengah Islands"},
{"id": "OC-248", "name": "South Palau group"},
{"id": "OC-249", "name": "Aru Islands"},
{"id": "OC-250", "name": "Masalembu Islands"},
{"id": "OC-251", "name": "Victoria State West group"},
{"id": "OC-252", "name": "Kalimantan's Coastal Islands West"},
{"id": "OC-253", "name": "Hall Islands"},
{"id": "OC-254", "name": "Mortlock Islands"},
{"id": "OC-255", "name": "Queensland State (Gulf of Carpentaria) North group"},
{"id": "OC-256", "name": "Kilinailau Islands (aka Tulun Islands)"},
{"id": "OC-257", "name": "Nuguria Islands"},
{"id": "OC-258", "name": "Papua New Guinea's Coastal Islands North"},
{"id": "OC-259", "name": "Nukuoro Atoll"},
{"id": "OC-260", "name": "Oroluk Atoll"},
{"id": "OC-261", "name": "South Australia State West Centre group"},
{"id": "OC-262", "name": "Sumatra's Coastal Islands South"},
{"id": "OC-263", "name": "Taongi Atoll (aka Bokaak Atoll)"},
{"id": "OC-264", "name": "Maria Island"},
{"id": "OC-265", "name": "Coral Sea Islands Territory South"},
{"id": "OC-266", "name": "Western Australia State (North Coast) Centre group"},
{"id": "OC-267", "name": "Coral Sea Islands Territory North"},
{"id": "OC-268", "name": "Laut Kecil Islands"},
{"id": "OC-269", "name": "Karimata Islands"},
{"id": "OC-270", "name": "Simeulue and Banyak Islands"},
{"id": "OC-271", "name": "Babar Islands"},
{"id": "OC-272", "name": "Barat Daya Islands"},
{"id": "OC-273", "name": "Gorong and Watubela Islands"},
{"id": "OC-274", "name": "Lucipara and Penyu Islands"},
{"id": "OC-276", "name": "Mapia Islands"},
{"id": "OC-277", "name": "Sorol Atoll"},
{"id": "OC-278", "name": "Ujelang Atoll"},
{"id": "OC-279", "name": "Malden Island"},
{"id": "OC-280", "name": "Starbuck Island"},
{"id": "OC-281", "name": "Caroline Island (aka Millennium Island)"},
{"id": "OC-282", "name": "Vostok and Flint Islands"},
{"id": "OC-283", "name": "Tauu Islands (aka Takuu Islands)"},
{"id": "OC-284", "name": "Nukumanu Islands"},
{"id": "OC-285", "name": "Stewart Islands (aka Sikaiana Atoll)"},
{"id": "OC-286", "name": "Antipodes Islands"},
{"id": "OC-287", "name": "Bounty Islands"},
{"id": "OC-288", "name": "Nihoa Island"},
{"id": "OC-289", "name": "Necker Island"},
{"id": "OC-290", "name": "Gardner Pinnacles"},
{"id": "OC-291", "name": "Laysan Island"},
{"id": "OC-292", "name": "Lisianski Island"},
{"id": "OC-293", "name": "Pearl and Hermes Atoll"},
{"id": "OC-294", "name": "Sandy Island"},
{"id": "OC-295", "name": "Sebatik Island"},
{"id": "OC-296", "name": "Tobi and Helen"},
{"id": "SA-001", "name": "Easter Island"},
{"id": "SA-002", "name": "Falkland Islands"},
{"id": "SA-003", "name": "Fernando De Noronha Archipelago"},
{"id": "SA-004", "name": "Galapagos"},
{"id": "SA-005", "name": "Juan Fernandez Archipelago"},
{"id": "SA-006", "name": "Bonaire & Curacao"},
{"id": "SA-007", "name": "Malpelo"},
{"id": "SA-008", "name": "Tierra del Fuego"},
{"id": "SA-009", "name": "Tobago"},
{"id": "SA-010", "name": "Trindade & Martim Vaz"},
{"id": "SA-011", "name": "Trinidad"},
{"id": "SA-012", "name": "Nueva Esparta State group"},
{"id": "SA-013", "name": "San Felix & San Ambrosio (aka Los Desventurados)"},
{"id": "SA-014", "name": "St.Peter & St.Paul Rocks"},
{"id": "SA-015", "name": "Los Monjes Archipelago"},
{"id": "SA-016", "name": "Maranhao State Centre group"},
{"id": "SA-017", "name": "Cauca / Valle Division group"},
{"id": "SA-018", "name": "Los Lagos Region South group"},
{"id": "SA-019", "name": "Abrolhos Archipelago"},
{"id": "SA-020", "name": "French Guiana group"},
{"id": "SA-021", "name": "Buenos Aires (Bahia Blanca) Province group"},
{"id": "SA-022", "name": "Buenos Aires (Bahia Anegada) Province group"},
{"id": "SA-023", "name": "Bahia State North group"},
{"id": "SA-024", "name": "Sao Paulo State West group"},
{"id": "SA-025", "name": "Piaui State group"},
{"id": "SA-026", "name": "Santa Catarina State Centre group"},
{"id": "SA-027", "name": "Santa Catarina State North group"},
{"id": "SA-028", "name": "Sao Paulo State East group"},
{"id": "SA-029", "name": "Rio De Janeiro State West group"},
{"id": "SA-030", "name": "San Jose / Montevideo / Canelones Dept group"},
{"id": "SA-031", "name": "Wollaston & Hermite Islands"},
{"id": "SA-032", "name": "Ultima Esperanza Province North group"},
{"id": "SA-033", "name": "Manabi Province group"},
{"id": "SA-034", "name": "Guayas / El Oro Province group"},
{"id": "SA-035", "name": "Los Roques Islands"},
{"id": "SA-036", "name": "Aruba"},
{"id": "SA-037", "name": "Blanquilla group"},
{"id": "SA-038", "name": "Atol Das Rocas"},
{"id": "SA-039", "name": "Maldonado / Rocha Department group"},
{"id": "SA-040", "name": "Bolivar / Atlantico Division group"},
{"id": "SA-041", "name": "Maranhao State West group"},
{"id": "SA-042", "name": "Para State West group"},
{"id": "SA-043", "name": "Aisen Region North group"},
{"id": "SA-044", "name": "La Tortuga"},
{"id": "SA-045", "name": "Amapa State group"},
{"id": "SA-046", "name": "Pernambuco State group"},
{"id": "SA-047", "name": "Parana State group"},
{"id": "SA-048", "name": "Sucre State East group"},
{"id": "SA-049", "name": "Tierra del Fuego's Coastal Islands"},
{"id": "SA-050", "name": "Antartica Chilena Province group"},
{"id": "SA-051", "name": "Las Aves Islands"},
{"id": "SA-052", "name": "Lima Department group"},
{"id": "SA-053", "name": "Aisen Region South group"},
{"id": "SA-054", "name": "Orchila Island"},
{"id": "SA-055", "name": "Buenos Aires (Delta Del Parana) Prov group"},
{"id": "SA-056", "name": "Esmeraldas Province group"},
{"id": "SA-057", "name": "Colonia Department group"},
{"id": "SA-058", "name": "Carabobo / Aragua / DF /Miranda State group"},
{"id": "SA-059", "name": "Los Testigos group"},
{"id": "SA-060", "name": "Para State East group"},
{"id": "SA-061", "name": "La Araucania Reg / Los Lagos Reg North group"},
{"id": "SA-062", "name": "Bahia State South group"},
{"id": "SA-063", "name": "Monagas / Delta Amacuro State group"},
{"id": "SA-064", "name": "Aisen Region Centre group"},
{"id": "SA-065", "name": "Chubut Province South group"},
{"id": "SA-066", "name": "Zulia State group"},
{"id": "SA-067", "name": "Espirito Santo State group"},
{"id": "SA-068", "name": "Guyana group"},
{"id": "SA-069", "name": "Antofagasta Region group"},
{"id": "SA-070", "name": "Bio-Bio Region group"},
{"id": "SA-071", "name": "Sao Paulo State Centre group"},
{"id": "SA-072", "name": "Maranhao State East group"},
{"id": "SA-073", "name": "Ica Department group"},
{"id": "SA-074", "name": "Ancash Department group"},
{"id": "SA-075", "name": "La Libertad Department group"},
{"id": "SA-076", "name": "Tumbes / Piura / Lambayeque Department group"},
{"id": "SA-077", "name": "Rio De Janeiro State East group"},
{"id": "SA-078", "name": "Cordoba / Sucre Division group"},
{"id": "SA-079", "name": "Rio De Janeiro State Centre group"},
{"id": "SA-080", "name": "Bahia State Centre group"},
{"id": "SA-081", "name": "Narino Division group"},
{"id": "SA-082", "name": "Magdalena / Guajira Division group"},
{"id": "SA-083", "name": "Salas y Gomez Island"},
{"id": "SA-084", "name": "Choco Division South group"},
{"id": "SA-085", "name": "Atacama Region group"},
{"id": "SA-086", "name": "Coquimbo / Valparaiso Region group"},
{"id": "SA-087", "name": "Santa Cruz Province North group"},
{"id": "SA-088", "name": "Santa Catarina State South group"},
{"id": "SA-089", "name": "Falcon State group"},
{"id": "SA-090", "name": "Anzoategui State / Sucre State west group"},
{"id": "SA-091", "name": "Magallanes Province group"},
{"id": "SA-092", "name": "Suriname group"},
{"id": "SA-093", "name": "Choco Division North / Antioquia Division group"},
{"id": "SA-094", "name": "Ultima Esperanza Province South group"},
{"id": "SA-095", "name": "O'Higgins / Maule region group"},
{"id": "SA-096", "name": "Chubut Province North group"},
{"id": "SA-097", "name": "Diego Ramirez Islands"},
{"id": "SA-098", "name": "Arequipa / Moquegua / Tacna Department group"},
{"id": "SA-099", "name": "Curacao"},
{"id": "SA-100", "name": "Arica and Parinacota/Tarapaca Region group"}
]
